item_code,name,hardware_type,brand,series,runner_height,runner_depth,handling_cost,unit_cost,machining_cost,assembly_cost
538.01.893,"5 Burner Cooktop, 60cm, Milano",appliance,Hafele,Appliances,,,0,,0,0
538.01.933,"90cm Ceramic Cooktop, Milano",appliance,Hafele,Appliances,,,0,686.69,0,0
532.77.489,Carbon filter,appliance,Hafele,Appliances,,,0,49.87,0,0
532.77.490,Carbon filter,appliance,Hafele,Appliances,,,0,54.03,0,0
539.80.990,"Carbon filter, for slideout ranghood",appliance,Hafele,Appliances,,,0,60.6,0,0
P-01582615,Charcoal Filter,appliance,Hafele,Appliances,,,0,26.36,0,0
538.01.673,"Cooktop, 5 Burner Gas Cooktop",appliance,Hafele,Appliances,,,0,418.92,0,0
539.40.063,"Cooktop, Hafele Ceramic cooktop 90cm",appliance,Hafele,Appliances,,,0,766.6,0,0
539.40.042,"Cooktop, Hafele Ceramic cooktop",appliance,Hafele,Appliances,,,0,190.27,0,0
539.40.073,"Cooktop, Hafele Ceramic cooktop",appliance,Hafele,Appliances,,,0,444.82,0,0
539.40.001,"Cooktop, Hafele Gas Cooktop, 60cm",appliance,Hafele,Appliances,,,0,212.21,0,0
539.40.002,"Cooktop, Hafele Gas cooktop, 60cm",appliance,Hafele,Appliances,,,0,381.18,0,0
P-01581829,"Cooktop, Hafele Gas Cooktop, with Wok",appliance,Hafele,Appliances,,,0,243.57,0,0
539.40.012,"Cooktop, Hafele Gas cooktop, with wok, 60cm",appliance,Hafele,Appliances,,,0,444.82,0,0
539.40.023,"Cooktop, Hafele Gas cooktop, with wok, 90cm",appliance,Hafele,Appliances,,,0,572.09,0,0
539.40.072,"Cooktop, Hafele Induction cooktop 60cm",appliance,Hafele,Appliances,,,0,667.54,0,0
539.40.083,"Cooktop, Hafele Induction cooktop 90cm",appliance,Hafele,Appliances,,,0,890.27,0,0
P-01993473,"Cooktop, Milano 4 Burner cooktop, 60cm",appliance,Hafele,Appliances,,,0,275.56,0,0
539.40.503,"Cooktop, Milano 5 Burner cooktop, 90cm",appliance,Hafele,Appliances,,,0,422.77,0,0
539.40.511,"Cooktop, Milano Ceramic cooktop, 60cm",appliance,Hafele,Appliances,,,0,,0,0
539.40.512,"Cooktop, Milano Ceramic cooktop, 90cm",appliance,Hafele,Appliances,,,0,393.34,0,0
539.40.521,"Cooktop, Milano Induction cooktop, 60cm",appliance,Hafele,Appliances,,,0,,0,0
565.69.997,"Cover Plate, Cabiseal™ Dishwasher, inlet/outlet hose cover plate",dishwasher,Hafele,Appliances,,,0,15.67,0,0
539.20.131,"Dishwasher, Hafele Compact dishwasher",dishwasher,Hafele,Appliances,,,0,487.58,0,0
539.20.111,"Dishwasher, Hafele Freestanding dishwasher, 60cm",dishwasher,Hafele,Appliances,,,0,675.92,0,0
539.20.121,"Dishwasher, Hafele Integrated dishwasher, 60cm",dishwasher,Hafele,Appliances,,,0,766.6,0,0
532.84.790,"Door panel, for compact dishwasher",dishwasher,Hafele,Appliances,,,0,80.03,0,0
539.90.552,"Dryer, Hafele heat pump dryer, 8kg",laundry_appliance,Hafele,Appliances,,,0,635.73,0,0
539.90.550,"Dryer, Hafele Vented dryer, 7kg",laundry_appliance,Hafele,Appliances,,,0,368.58,0,0
568.16.020,"Follower hinge, For built-in refrigerators behind furniture doors",appliance,Hafele,Appliances,,,0,55.25,0,0
538.31.370,"Microwave, Built in microwave, 60cm",appliance,Hafele,Appliances,,,0,351.47,0,0
539.30.030,"Microwave, Hafele Built in microwave, 25L",appliance,Hafele,Appliances,,,0,452.71,0,0
588.59.991,"Mini stop, for washing machine",laundry_appliance,Hafele,Appliances,,,0,24.94,0,0
539.60.632,"Oven, Hafele 5 Function Oven, 60cm",appliance,Hafele,Appliances,,,0,472.13,0,0
P-01581821,"Oven, Hafele 5 Function side opening oven, 60cm",appliance,Hafele,Appliances,,,0,679.46,0,0
539.60.843,"Oven, Hafele 11 Function oven with air fry",appliance,Hafele,Appliances,,,0,1181.23,0,0
539.60.842,"Oven, Hafele 13 Function Oven, 60cm",appliance,Hafele,Appliances,,,0,590.32,0,0
539.60.841,"Oven, Hafele 15 function pyrolytic oven with air fry",appliance,Hafele,Appliances,,,0,1003.95,0,0
538.01.183,"Oven, Milano 9 function Oven, 90 cm",appliance,Hafele,Appliances,,,0,687.87,0,0
539.60.872,"Oven, Milano 10 function oven, 90cm",appliance,Hafele,Appliances,,,0,837.99,0,0
539.80.691,"Rangehood, Canopy rangehood, 60cm",rangehood,Hafele,Appliances,,,0,317.54,0,0
539.80.692,"Rangehood, Canopy rangehood, 90cm",rangehood,Hafele,Appliances,,,0,349.36,0,0
P-01581825,"Rangehood, Hafele Canopy rangehood",rangehood,Hafele,Appliances,,,0,109.04,0,0
539.80.332,"Rangehood, Hafele Slideout rangehood",rangehood,Hafele,Appliances,,,0,141.73,0,0
P-01538905,"Rangehood, Milano Tapered Canopy",rangehood,Hafele,Appliances,,,0,138.67,0,0
539.80.683,"Rangehood, Slideout rangehood, 60cm",rangehood,Hafele,Appliances,,,0,190.27,0,0
539.80.682,"Rangehood, Slideout rangehood, 90cm",rangehood,Hafele,Appliances,,,0,148.24,0,0
539.80.684,"Rangehood, Slideout rangehood, 90cm",rangehood,Hafele,Appliances,,,0,253.91,0,0
P-01993544,"Rangehood, undermount rangehood, 52cm",rangehood,Hafele,Appliances,,,0,317.54,0,0
539.80.622,"Rangehood, undermount rangehood, 90cm",rangehood,Hafele,Appliances,,,0,189.29,0,0
P-01993553,"Rangehood, undermount rangehood, 90cm",rangehood,Hafele,Appliances,,,0,381.18,0,0
539.10.140,"Refrigeration, Integrated Fridge/Freezer, 244L",refrigeration,Hafele,Appliances,,,0,1431.18,0,0
533.93.991,"Stacking kit, for washer and dryer",laundry_appliance,Hafele,Appliances,,,0,70.56,0,0
539.90.031,"Washing machine, Hafele Front Loader, 8kg",laundry_appliance,Hafele,Appliances,,,0,540.27,0,0
P-00853752,"Antique fittings, Studio",handle,Hafele,Furniture Handles & Knobs,,,0,3.68,0,0
P-01638753,"Cup Pull Handle, Häfele Déco, H2315, zinc alloy",handle,Hafele,Furniture Handles & Knobs,,,0,7.45,0,0
P-01356122,"D Handle, Häfele Déco H2120, zinc alloy",handle,Hafele,Furniture Handles & Knobs,,,0,8.44,0,0
P-01356123,"D Handle, Häfele Déco H2125, zinc alloy",handle,Hafele,Furniture Handles & Knobs,,,0,2.04,0,0
P-01638752,"D Handle, Häfele Déco H2305, aluminium/zinc alloy",handle,Hafele,Furniture Handles & Knobs,,,0,10.02,0,0
P-01655556,"D Handle, Häfele Déco H2340, zinc alloy",handle,Hafele,Furniture Handles & Knobs,,,0,9.94,0,0
P-01655561,"D Handle, Häfele Déco H2345, zinc alloy",handle,Hafele,Furniture Handles & Knobs,,,0,9.48,0,0
P-01935738,"D Handle, Häfele Déco H2510, aluminium/zinc alloy",handle,Hafele,Furniture Handles & Knobs,,,0,14.17,0,0
P-02001205,"D Handle, Häfele Déco H2520, wood",handle,Hafele,Furniture Handles & Knobs,,,0,22.9,0,0
P-01984618,"D Handle, Häfele Déco H2530, zinc alloy",handle,Hafele,Furniture Handles & Knobs,,,0,6.85,0,0
P-02001204,"D Handle, Häfele Déco H2565, wood",handle,Hafele,Furniture Handles & Knobs,,,0,20.91,0,0
155.02.201,"D Handle, Häfele Déco, brass",handle,Hafele,Furniture Handles & Knobs,,,0,14.48,0,0
P-01638754,"D Handle, Häfele Déco, H2330, zinc alloy",handle,Hafele,Furniture Handles & Knobs,,,0,8.4,0,0
P-01343158,"D Handle, Wood",handle,Hafele,Furniture Handles & Knobs,,,0,11.86,0,0
P-02001183,"Edge Pull Handle, Häfele Déco H2550, aluminium",handle_profile,Hafele,Furniture Handles & Knobs,,,0,4.6,0,0
P-00854735,"End cap for handle profiles, Luxe",handle_profile,Hafele,Furniture Handles & Knobs,,,0,2.24,0,0
P-00854736,"End cap for handle profiles, Luxe",handle_profile,Hafele,Furniture Handles & Knobs,,,0,2.24,0,0
P-01912447,"End Cap, ABS plastic",handle,Hafele,Furniture Handles & Knobs,,,0,1.74,0,0
P-01912448,"End cap, ABS plastic",handle,Hafele,Furniture Handles & Knobs,,,0,1.57,0,0
P-01915913,"End cap, ABS plastic",handle,Hafele,Furniture Handles & Knobs,,,0,3.53,0,0
P-01915914,"End cap, ABS plastic",handle,Hafele,Furniture Handles & Knobs,,,0,1.48,0,0
P-01912402,External Corner,handle,Hafele,Furniture Handles & Knobs,,,0,2.59,0,0
P-01912405,"External Corner, ABS plastic",handle,Hafele,Furniture Handles & Knobs,,,0,2.59,0,0
P-01915898,"External corner, ABS plastic",handle,Hafele,Furniture Handles & Knobs,,,0,3.53,0,0
P-01915899,"External corner, ABS plastic",handle,Hafele,Furniture Handles & Knobs,,,0,2.14,0,0
P-01912456,"Filler Profile For Recessed Grip, for recessed grip profile",handle_profile,Hafele,Furniture Handles & Knobs,,,0,57.51,0,0
151.86.027,"Flush handles, Aluminium",handle_profile,Hafele,Furniture Handles & Knobs,,,0,40.51,0,0
155.00.011,"Flush handles, Häfele Déco, zinc alloy",handle_profile,Hafele,Furniture Handles & Knobs,,,0,3.53,0,0
151.58.900,"Flush handles, Luxe",handle_profile,Hafele,Furniture Handles & Knobs,,,0,21.54,0,0
151.88.600,"Flush handles, Luxe",handle_profile,Hafele,Furniture Handles & Knobs,,,0,17.79,0,0
155.01.495,"Flush handles, Luxe",handle_profile,Hafele,Furniture Handles & Knobs,,,0,12.89,0,0
155.01.496,"Flush handles, Luxe",handle_profile,Hafele,Furniture Handles & Knobs,,,0,15.87,0,0
155.01.505,"Flush handles, Luxe",handle_profile,Hafele,Furniture Handles & Knobs,,,0,11.34,0,0
155.01.506,"Flush handles, Luxe",handle_profile,Hafele,Furniture Handles & Knobs,,,0,20.67,0,0
166.11.600,"Flush handles, Luxe",handle_profile,Hafele,Furniture Handles & Knobs,,,0,19.41,0,0
P-00854543,"Flush handles, Luxe",handle_profile,Hafele,Furniture Handles & Knobs,,,0,14.46,0,0
151.09.600,"Flush handles, Studio",handle_profile,Hafele,Furniture Handles & Knobs,,,0,2.96,0,0
151.75.902,"Flush handles, Studio",handle_profile,Hafele,Furniture Handles & Knobs,,,0,4.84,0,0
158.43.928,"Flush handles, Studio",handle_profile,Hafele,Furniture Handles & Knobs,,,0,2.23,0,0
158.44.925,"Flush handles, Studio",handle_profile,Hafele,Furniture Handles & Knobs,,,0,2.26,0,0
P-00854535,"Flush handles, Studio",handle_profile,Hafele,Furniture Handles & Knobs,,,0,3.94,0,0
P-00854542,"Flush handles, Studio",handle_profile,Hafele,Furniture Handles & Knobs,,,0,2.06,0,0
P-00854447,"Flush handles, Urban",handle_profile,Hafele,Furniture Handles & Knobs,,,0,7.58,0,0
P-00854407,"Flush handles, Zinc alloy",handle_profile,Hafele,Furniture Handles & Knobs,,,0,12.09,0,0
155.00.240,"Flush handles, zinc alloy, rectangular",handle_profile,Hafele,Furniture Handles & Knobs,,,0,16.52,0,0
102.04.152,Furniture handle,handle,Hafele,Furniture Handles & Knobs,,,0,12.58,0,0
102.04.300,Furniture handle,handle,Hafele,Furniture Handles & Knobs,,,0,9.1,0,0
102.36.307,Furniture handle,handle,Hafele,Furniture Handles & Knobs,,,0,8.15,0,0
108.74.432,Furniture handle,handle,Hafele,Furniture Handles & Knobs,,,0,14.77,0,0
P-01298029,Furniture handle,handle,Hafele,Furniture Handles & Knobs,,,0,3.74,0,0
P-00852777,"Furniture handle, Aluminium",handle,Hafele,Furniture Handles & Knobs,,,0,1.54,0,0
P-01298102,"Furniture handle, Aluminium",handle,Hafele,Furniture Handles & Knobs,,,0,11.96,0,0
112.86.215,"Furniture handle, Aluminium, Fixing Centres 224-320 mm",handle,Hafele,Furniture Handles & Knobs,,,0,32.88,0,0
P-00852733,"Furniture handle, Bow handle, zinc alloy",handle,Hafele,Furniture Handles & Knobs,,,0,2.79,0,0
P-00853391,"Furniture handle, Bow handle, zinc alloy",handle,Hafele,Furniture Handles & Knobs,,,0,2.65,0,0
P-00853703,"Furniture handle, Bow handle, zinc alloy",handle,Hafele,Furniture Handles & Knobs,,,0,3.39,0,0
P-01496414,"Furniture handle, Bow handle, zinc alloy",handle,Hafele,Furniture Handles & Knobs,,,0,1.52,0,0
191.67.110,"Furniture handle, D Handle, Wood",handle,Hafele,Furniture Handles & Knobs,,,0,14.85,0,0
161.02.600,"Furniture handle, H-U-Z-115, Zinc-alloy",handle,Hafele,Furniture Handles & Knobs,,,0,,0,0
P-00853052,"Furniture handle, H1310",handle,Hafele,Furniture Handles & Knobs,,,0,8.35,0,0
P-00853715,"Furniture handle, H1325",handle,Hafele,Furniture Handles & Knobs,,,0,7.88,0,0
P-00852736,"Furniture handle, H1330",handle,Hafele,Furniture Handles & Knobs,,,0,12.79,0,0
P-00853133,"Furniture Handle, H1335",handle,Hafele,Furniture Handles & Knobs,,,0,14.88,0,0
P-00853469,"Furniture Handle, H1345",handle,Hafele,Furniture Handles & Knobs,,,0,8.55,0,0
P-00852968,"Furniture Handle, H1350",handle,Hafele,Furniture Handles & Knobs,,,0,7.96,0,0
110.35.281,"Furniture Handle, H1355",handle,Hafele,Furniture Handles & Knobs,,,0,17.17,0,0
110.34.696,"Furniture Handle, H1360",handle,Hafele,Furniture Handles & Knobs,,,0,14.34,0,0
106.69.627,"Furniture Handle, H1365",handle,Hafele,Furniture Handles & Knobs,,,0,,0,0
106.69.667,"Furniture handle, H1375",handle,Hafele,Furniture Handles & Knobs,,,0,19.13,0,0
P-00852473,"Furniture Handle, H1380",handle,Hafele,Furniture Handles & Knobs,,,0,8.89,0,0
P-00853388,"Furniture Handle, H1385",handle,Hafele,Furniture Handles & Knobs,,,0,6.32,0,0
P-00853319,"Furniture handle, H1390",handle,Hafele,Furniture Handles & Knobs,,,0,16.62,0,0
P-00852820,"Furniture handle, H1395",handle,Hafele,Furniture Handles & Knobs,,,0,21.63,0,0
P-00853486,"Furniture Handle, H1510",handle,Hafele,Furniture Handles & Knobs,,,0,10.54,0,0
P-00852572,"Furniture Handle, H1515",handle,Hafele,Furniture Handles & Knobs,,,0,12.74,0,0
P-00852405,"Furniture handle, H1520",handle,Hafele,Furniture Handles & Knobs,,,0,30.12,0,0
106.61.254,"Furniture handle, H1525",handle,Hafele,Furniture Handles & Knobs,,,0,27.37,0,0
P-00853402,"Furniture Handle, H1530",handle,Hafele,Furniture Handles & Knobs,,,0,7.13,0,0
P-00852738,"Furniture Handle, H1555",handle,Hafele,Furniture Handles & Knobs,,,0,41.73,0,0
106.60.218,"Furniture Handle, H1560",handle,Hafele,Furniture Handles & Knobs,,,0,32,0,0
P-00852985,"Furniture Handle, H1565",handle,Hafele,Furniture Handles & Knobs,,,0,6.72,0,0
P-00852490,"Furniture Handle, H1570",handle,Hafele,Furniture Handles & Knobs,,,0,9.91,0,0
106.62.906,"Furniture handle, H1710",handle,Hafele,Furniture Handles & Knobs,,,0,8.51,0,0
P-00853731,"Furniture handle, H1715",handle,Hafele,Furniture Handles & Knobs,,,0,4.67,0,0
106.65.066,"Furniture Handle, H1730",handle,Hafele,Furniture Handles & Knobs,,,0,32.75,0,0
P-00853234,"Furniture Handle, H1735",handle,Hafele,Furniture Handles & Knobs,,,0,5.73,0,0
106.62.636,"Furniture Handle, H1740",handle,Hafele,Furniture Handles & Knobs,,,0,14.65,0,0
106.62.386,"Furniture Handle, H1765",handle,Hafele,Furniture Handles & Knobs,,,0,12.9,0,0
P-01298100,"Furniture handle, Häfele Déco H1910, zinc alloy",handle,Hafele,Furniture Handles & Knobs,,,0,9.06,0,0
P-01298108,"Furniture handle, Häfele Déco H1920, zinc alloy",handle,Hafele,Furniture Handles & Knobs,,,0,6.76,0,0
P-01298101,"Furniture handle, Häfele Déco H1925, zinc alloy",handle,Hafele,Furniture Handles & Knobs,,,0,11.74,0,0
P-01298106,"Furniture handle, Häfele Déco H1930, zinc alloy",handle,Hafele,Furniture Handles & Knobs,,,0,11.92,0,0
P-01298099,"Furniture handle, Häfele Déco H1935, aluminium",handle,Hafele,Furniture Handles & Knobs,,,0,11.8,0,0
P-01298111,"Furniture handle, Häfele Déco H1950, zinc alloy",handle,Hafele,Furniture Handles & Knobs,,,0,5.19,0,0
P-01298110,"Furniture handle, Häfele Déco H1965, aluminium",handle,Hafele,Furniture Handles & Knobs,,,0,13.44,0,0
P-01298112,"Furniture handle, Häfele Déco H1970, zinc alloy",handle,Hafele,Furniture Handles & Knobs,,,0,13.42,0,0
P-01298105,"Furniture handle, Häfele Déco H1975, zinc alloy",handle,Hafele,Furniture Handles & Knobs,,,0,3.19,0,0
P-01496362,"Furniture handle, Häfele Déco H2135, zinc alloy",handle,Hafele,Furniture Handles & Knobs,,,0,7.69,0,0
P-01496363,"Furniture handle, Häfele Déco H2155, zinc alloy",handle,Hafele,Furniture Handles & Knobs,,,0,11.23,0,0
P-01496365,"Furniture handle, Häfele Déco H2180, zinc alloy",handle,Hafele,Furniture Handles & Knobs,,,0,7.75,0,0
P-01496367,"Furniture Handle, Häfele Déco H2190, zinc alloy",handle,Hafele,Furniture Handles & Knobs,,,0,7.91,0,0
P-01496416,"Furniture Handle, Häfele Déco H2195",handle,Hafele,Furniture Handles & Knobs,,,0,10.74,0,0
P-01575021,"Furniture handle, Häfele Déco H2370, zinc alloy",handle,Hafele,Furniture Handles & Knobs,,,0,7.55,0,0
P-01655572,"Furniture handle, Häfele Déco H2390, zinc alloy",handle,Hafele,Furniture Handles & Knobs,,,0,11.63,0,0
P-01655573,"Furniture handle, Häfele Déco H2395, zinc alloy",handle,Hafele,Furniture Handles & Knobs,,,0,9.23,0,0
P-01995850,"Furniture handle, Häfele Déco H2520, zinc alloy",handle,Hafele,Furniture Handles & Knobs,,,0,5.37,0,0
P-02001134,"Furniture handle, Häfele Déco H2555, zinc alloy",handle,Hafele,Furniture Handles & Knobs,,,0,5.43,0,0
P-02001135,"Furniture handle, Häfele Déco H2565, zinc alloy",handle,Hafele,Furniture Handles & Knobs,,,0,5.03,0,0
P-02001184,"Furniture handle, Häfele Déco H2575, zinc alloy",handle,Hafele,Furniture Handles & Knobs,,,0,4.29,0,0
P-02001195,"Furniture handle, Häfele Déco H2585, zinc alloy",handle,Hafele,Furniture Handles & Knobs,,,0,5.3,0,0
P-02001207,"Furniture handle, Häfele Déco H2590, zinc alloy",handle,Hafele,Furniture Handles & Knobs,,,0,6.89,0,0
106.69.073,"Furniture handle, Häfele Déco, H2165, zinc alloy",handle,Hafele,Furniture Handles & Knobs,,,0,3.59,0,0
155.01.002,"Furniture handle, Häfele Déco, stainless steel",handle,Hafele,Furniture Handles & Knobs,,,0,23.61,0,0
155.01.103,"Furniture handle, Häfele Déco, stainless steel",handle,Hafele,Furniture Handles & Knobs,,,0,6.22,0,0
P-01318450,"Furniture handle, Häfele Déco, stainless steel",handle,Hafele,Furniture Handles & Knobs,,,0,3.55,0,0
P-00854355,"Furniture handle, Häfele Déco, steel",handle,Hafele,Furniture Handles & Knobs,,,0,1.9,0,0
P-00853579,"Furniture handle, Häfele Déco, straight-edged, zinc alloy",handle,Hafele,Furniture Handles & Knobs,,,0,3.41,0,0
155.00.270,"Furniture handle, Häfele Déco, zinc alloy",handle,Hafele,Furniture Handles & Knobs,,,0,6.64,0,0
P-00852791,"Furniture handle, Häfele Déco, zinc alloy",handle,Hafele,Furniture Handles & Knobs,,,0,3.45,0,0
P-00853655,"Furniture handle, Häfele Déco, zinc alloy",handle,Hafele,Furniture Handles & Knobs,,,0,1.23,0,0
P-00853943,"Furniture handle, Häfele Déco, zinc alloy",handle,Hafele,Furniture Handles & Knobs,,,0,5.12,0,0
P-01318456,"Furniture handle, Häfele Déco, zinc alloy",handle,Hafele,Furniture Handles & Knobs,,,0,2.15,0,0
P-01356121,"Furniture handle, Handle With Base, Aluminium, Häfele Déco H2115",handle,Hafele,Furniture Handles & Knobs,,,0,8.84,0,0
P-01343160,"Furniture handle, Handle With Base, Wood",handle,Hafele,Furniture Handles & Knobs,,,0,21.01,0,0
101.98.903,"Furniture handle, Luxe",handle,Hafele,Furniture Handles & Knobs,,,0,20.99,0,0
110.20.235,"Furniture handle, Luxe",handle,Hafele,Furniture Handles & Knobs,,,0,19.04,0,0
P-00852793,"Furniture handle, Luxe",handle,Hafele,Furniture Handles & Knobs,,,0,20.38,0,0
155.02.110,"Furniture handle, Porcelain",handle,Hafele,Furniture Handles & Knobs,,,0,22.11,0,0
P-00853200,"Furniture handle, Stainless steel, pull handle",handle,Hafele,Furniture Handles & Knobs,,,0,3.1,0,0
P-01318428,"Furniture handle, Steel",handle,Hafele,Furniture Handles & Knobs,,,0,1.71,0,0
112.89.040,"Furniture handle, Studio",handle,Hafele,Furniture Handles & Knobs,,,0,5.28,0,0
151.95.922,"Furniture handle, Studio",handle,Hafele,Furniture Handles & Knobs,,,0,5.66,0,0
P-00852724,"Furniture handle, Studio",handle,Hafele,Furniture Handles & Knobs,,,0,2.65,0,0
P-00852858,"Furniture handle, Studio",handle,Hafele,Furniture Handles & Knobs,,,0,4.23,0,0
P-00852987,"Furniture handle, Studio",handle,Hafele,Furniture Handles & Knobs,,,0,1.51,0,0
P-01318433,"Furniture handle, Studio",handle,Hafele,Furniture Handles & Knobs,,,0,1.52,0,0
P-01318435,"Furniture handle, Studio",handle,Hafele,Furniture Handles & Knobs,,,0,1.71,0,0
100.87.905,"Furniture handle, Urban",handle,Hafele,Furniture Handles & Knobs,,,0,21.8,0,0
100.95.911,"Furniture handle, Urban",handle,Hafele,Furniture Handles & Knobs,,,0,31.15,0,0
101.13.404,"Furniture handle, Urban",handle,Hafele,Furniture Handles & Knobs,,,0,14.47,0,0
104.33.600,"Furniture handle, Urban",handle,Hafele,Furniture Handles & Knobs,,,0,15.53,0,0
112.72.940,"Furniture handle, Urban",handle,Hafele,Furniture Handles & Knobs,,,0,12.88,0,0
112.86.944,"Furniture handle, Urban",handle,Hafele,Furniture Handles & Knobs,,,0,14.35,0,0
P-00852474,"Furniture handle, Urban",handle,Hafele,Furniture Handles & Knobs,,,0,5.12,0,0
P-00852583,"Furniture handle, Urban",handle,Hafele,Furniture Handles & Knobs,,,0,12.27,0,0
P-00852664,"Furniture handle, Urban",handle,Hafele,Furniture Handles & Knobs,,,0,11.74,0,0
P-00852708,"Furniture handle, Urban",handle,Hafele,Furniture Handles & Knobs,,,0,13.01,0,0
P-00852792,"Furniture handle, Urban",handle,Hafele,Furniture Handles & Knobs,,,0,7.65,0,0
P-00852982,"Furniture handle, Urban",handle,Hafele,Furniture Handles & Knobs,,,0,16.5,0,0
P-00853060,"Furniture handle, Urban",handle,Hafele,Furniture Handles & Knobs,,,0,15.61,0,0
P-00853163,"Furniture handle, Urban",handle,Hafele,Furniture Handles & Knobs,,,0,7.23,0,0
P-00853205,"Furniture handle, Urban",handle,Hafele,Furniture Handles & Knobs,,,0,6.51,0,0
P-00853207,"Furniture handle, Urban",handle,Hafele,Furniture Handles & Knobs,,,0,13.01,0,0
P-00853216,"Furniture handle, Urban",handle,Hafele,Furniture Handles & Knobs,,,0,5.91,0,0
P-00853389,"Furniture handle, Urban",handle,Hafele,Furniture Handles & Knobs,,,0,6.64,0,0
P-00853541,"Furniture handle, Urban",handle,Hafele,Furniture Handles & Knobs,,,0,15.28,0,0
P-00853625,"Furniture handle, Urban",handle,Hafele,Furniture Handles & Knobs,,,0,15.85,0,0
P-00853663,"Furniture handle, Urban",handle,Hafele,Furniture Handles & Knobs,,,0,10.29,0,0
P-00853704,"Furniture handle, Urban",handle,Hafele,Furniture Handles & Knobs,,,0,9.22,0,0
P-00854156,"Furniture handle, Urban",handle,Hafele,Furniture Handles & Knobs,,,0,20.24,0,0
107.46.403,"Furniture handle, Urban, Zinc-alloy, bar handle",handle,Hafele,Furniture Handles & Knobs,,,0,16.5,0,0
155.00.250,"Furniture handle, Urban, Zinc-alloy, pull handle",handle,Hafele,Furniture Handles & Knobs,,,0,7.18,0,0
P-00853360,"Furniture handle, Urban, Zinc-alloy, pull handle",handle,Hafele,Furniture Handles & Knobs,,,0,10.19,0,0
109.50.604,"Furniture handle, Zinc Alloy",handle,Hafele,Furniture Handles & Knobs,,,0,18.24,0,0
111.77.630,"Furniture handle, Zinc Alloy",handle,Hafele,Furniture Handles & Knobs,,,0,25.38,0,0
P-00852969,"Furniture handle, zinc alloy bar handle",handle,Hafele,Furniture Handles & Knobs,,,0,3.8,0,0
P-00853304,"Furniture handle, Zinc Alloy",handle,Hafele,Furniture Handles & Knobs,,,0,12.24,0,0
P-00853607,"Furniture handle, Zinc Alloy",handle,Hafele,Furniture Handles & Knobs,,,0,9.28,0,0
155.01.310,"Furniture handles, D Handle, Stainless Steel, Häfele Déco",handle,Hafele,Furniture Handles & Knobs,,,0,30.34,0,0
P-00852702,"Furniture handles, H-U-I-85",handle,Hafele,Furniture Handles & Knobs,,,0,3.78,0,0
P-00852332,"Furniture handles, Häfele Déco H2310, stainless steel",handle,Hafele,Furniture Handles & Knobs,,,0,21.94,0,0
P-00853335,"Furniture handles, Häfele Déco, Ø 16 mm, round, stainless steel",handle,Hafele,Furniture Handles & Knobs,,,0,11.06,0,0
P-00852524,"Furniture handles, Häfele Déco, round, stainless steel",handle,Hafele,Furniture Handles & Knobs,,,0,17.1,0,0
P-00852441,"Furniture handles, Häfele Déco, stainless steel",handle,Hafele,Furniture Handles & Knobs,,,0,9.92,0,0
P-00852606,"Furniture handles, Häfele Déco, stainless steel",handle,Hafele,Furniture Handles & Knobs,,,0,3.4,0,0
P-00852614,"Furniture handles, Häfele Déco, stainless steel",handle,Hafele,Furniture Handles & Knobs,,,0,4.68,0,0
P-00852687,"Furniture handles, Häfele Déco, stainless steel",handle,Hafele,Furniture Handles & Knobs,,,0,6.14,0,0
P-00852938,"Furniture handles, Häfele Déco, stainless steel",handle,Hafele,Furniture Handles & Knobs,,,0,11.91,0,0
P-00853186,"Furniture handles, Häfele Déco, stainless steel",handle,Hafele,Furniture Handles & Knobs,,,0,8.66,0,0
P-01649379,"Furniture handles, half-moon handle, aluminium",handle,Hafele,Furniture Handles & Knobs,,,0,13.6,0,0
P-00852622,"Furniture handles, Luxe",handle,Hafele,Furniture Handles & Knobs,,,0,16.79,0,0
P-00853119,"Furniture handles, Luxe",handle,Hafele,Furniture Handles & Knobs,,,0,21.26,0,0
P-00853537,"Furniture handles, Luxe",handle,Hafele,Furniture Handles & Knobs,,,0,22.81,0,0
P-00853020,"Furniture handles, Ø 12 Mm, Round, Stainless Steel",handle,Hafele,Furniture Handles & Knobs,,,0,10.24,0,0
P-00853520,"Furniture handles, Round, Stainless Steel",handle,Hafele,Furniture Handles & Knobs,,,0,7.38,0,0
P-00852772,"Furniture handles, Stainless Steel",handle,Hafele,Furniture Handles & Knobs,,,0,9.36,0,0
P-00852784,"Furniture handles, Stainless Steel",handle,Hafele,Furniture Handles & Knobs,,,0,16.74,0,0
P-00852355,"Furniture handles, Stainless steel, bar handle",handle,Hafele,Furniture Handles & Knobs,,,0,8.54,0,0
P-00852857,"Furniture handles, Stainless steel, bar handle",handle,Hafele,Furniture Handles & Knobs,,,0,6.53,0,0
P-00853665,"Furniture handles, Stainless steel, bar handle",handle,Hafele,Furniture Handles & Knobs,,,0,18.34,0,0
115.89.001,"Furniture handles, Stainless steel, pull handle",handle,Hafele,Furniture Handles & Knobs,,,0,15.74,0,0
115.97.001,"Furniture handles, Studio",handle,Hafele,Furniture Handles & Knobs,,,0,3.61,0,0
P-00853285,"Furniture handles, Studio",handle,Hafele,Furniture Handles & Knobs,,,0,2.98,0,0
115.78.051,"Furniture handles, Urban",handle,Hafele,Furniture Handles & Knobs,,,0,10.23,0,0
P-00852370,"Furniture handles, Urban",handle,Hafele,Furniture Handles & Knobs,,,0,24.07,0,0
P-00852541,"Furniture handles, Urban",handle,Hafele,Furniture Handles & Knobs,,,0,18.05,0,0
P-00853454,"Furniture handles, Urban",handle,Hafele,Furniture Handles & Knobs,,,0,14.67,0,0
P-00853270,"Furniture handles, Urban, Stainless steel, d pull handle",handle,Hafele,Furniture Handles & Knobs,,,0,12.04,0,0
P-00853436,"Furniture handles, Urban, Stainless steel, d pull handle",handle,Hafele,Furniture Handles & Knobs,,,0,7.83,0,0
102.04.390,"Furniture knob, Aluminium",knob,Hafele,Furniture Handles & Knobs,,,0,34.86,0,0
P-00854881,"Furniture knob, Aluminium",knob,Hafele,Furniture Handles & Knobs,,,0,8.78,0,0
106.70.074,"Furniture knob, Furniture Knob, Aluminium, Häfele Déco H1940",knob,Hafele,Furniture Handles & Knobs,,,0,3.11,0,0
106.70.081,"Furniture knob, Furniture Knob, Aluminium, Häfele Déco H1945",knob,Hafele,Furniture Handles & Knobs,,,0,6.35,0,0
P-01496361,"Furniture knob, Häfele Déco H2130, zinc alloy",knob,Hafele,Furniture Handles & Knobs,,,0,1.99,0,0
P-01496464,"Furniture knob, Häfele Déco H2140, zinc alloy",knob,Hafele,Furniture Handles & Knobs,,,0,4.05,0,0
106.70.130,"Furniture knob, Häfele Déco H2145, zinc alloy",knob,Hafele,Furniture Handles & Knobs,,,0,5.98,0,0
P-01496466,"Furniture knob, Häfele Déco H2150, zinc alloy",knob,Hafele,Furniture Handles & Knobs,,,0,8.44,0,0
P-01496467,"Furniture knob, Häfele Déco H2160, zinc alloy",knob,Hafele,Furniture Handles & Knobs,,,0,4.4,0,0
P-01638759,"Furniture knob, Häfele Déco H2310, aluminium",knob,Hafele,Furniture Handles & Knobs,,,0,12.49,0,0
P-01638758,"Furniture knob, Häfele Déco H2325, zinc alloy",knob,Hafele,Furniture Handles & Knobs,,,0,4.4,0,0
P-01638760,"Furniture knob, Häfele Déco H2335, zinc alloy",knob,Hafele,Furniture Handles & Knobs,,,0,4.89,0,0
P-01638762,"Furniture knob, Häfele Déco H2355, zinc alloy",knob,Hafele,Furniture Handles & Knobs,,,0,6.64,0,0
P-01638761,"Furniture knob, Häfele Déco H2365, zinc alloy",knob,Hafele,Furniture Handles & Knobs,,,0,6.43,0,0
P-01655571,"Furniture knob, Häfele Déco H2375, zinc alloy",knob,Hafele,Furniture Handles & Knobs,,,0,4.89,0,0
P-01638757,"Furniture knob, Häfele Déco H2385, zinc alloy",knob,Hafele,Furniture Handles & Knobs,,,0,4.51,0,0
P-01947232,"Furniture Knob, Häfele Déco H2515, aluminium/zinc alloy",knob,Hafele,Furniture Handles & Knobs,,,0,9.92,0,0
P-02001198,"Furniture Knob, Häfele Déco H2525, wood",knob,Hafele,Furniture Handles & Knobs,,,0,12.45,0,0
P-01981148,"Furniture Knob, Häfele Déco H2525, zinc alloy",knob,Hafele,Furniture Handles & Knobs,,,0,3.79,0,0
P-01981157,"Furniture Knob, Häfele Déco H2535, zinc alloy",knob,Hafele,Furniture Handles & Knobs,,,0,5.17,0,0
P-01981166,"Furniture Knob, Häfele Déco H2545, zinc alloy",knob,Hafele,Furniture Handles & Knobs,,,0,4.16,0,0
P-01935839,"Furniture Knob, Häfele Déco H2560, zinc alloy",knob,Hafele,Furniture Handles & Knobs,,,0,4.04,0,0
P-02001133,"Furniture Knob, Häfele Déco H2570, wood",knob,Hafele,Furniture Handles & Knobs,,,0,11.57,0,0
P-01981167,"Furniture Knob, Häfele Déco H2570, zinc alloy",knob,Hafele,Furniture Handles & Knobs,,,0,4.32,0,0
P-01982555,"Furniture Knob, Häfele Déco H2580, zinc alloy",knob,Hafele,Furniture Handles & Knobs,,,0,3.8,0,0
P-01342613,"Furniture knob, Steel",knob,Hafele,Furniture Handles & Knobs,,,0,16,0,0
155.02.130,"Furniture knob, Urban",knob,Hafele,Furniture Handles & Knobs,,,0,5.5,0,0
P-00854894,"Furniture knob, Urban",knob,Hafele,Furniture Handles & Knobs,,,0,2.19,0,0
196.45.400,"Furniture knob, Wood and zinc alloy, round",knob,Hafele,Furniture Handles & Knobs,,,0,21.54,0,0
P-01496469,"Furniture knob, Zinc alloy, Häfele Déco H2185",knob,Hafele,Furniture Handles & Knobs,,,0,5.73,0,0
P-00854861,"Furniture knobs, H1340",handle,Hafele,Furniture Handles & Knobs,,,0,2.15,0,0
P-01298205,"Furniture knobs, Häfele Déco H1960, zinc alloy",handle,Hafele,Furniture Handles & Knobs,,,0,5.17,0,0
P-01318507,"Furniture knobs, Häfele Déco, zinc alloy",handle,Hafele,Furniture Handles & Knobs,,,0,3.43,0,0
134.33.111,"Furniture knobs, Studio",handle,Hafele,Furniture Handles & Knobs,,,0,3.53,0,0
P-00855183,"Furniture knobs, Studio",handle,Hafele,Furniture Handles & Knobs,,,0,3.5,0,0
P-00855192,"Furniture knobs, Studio",handle,Hafele,Furniture Handles & Knobs,,,0,3.54,0,0
P-00855199,"Furniture knobs, Studio",handle,Hafele,Furniture Handles & Knobs,,,0,2.65,0,0
P-00855219,"Furniture knobs, Studio",handle,Hafele,Furniture Handles & Knobs,,,0,4.11,0,0
P-00855256,"Furniture knobs, Studio",handle,Hafele,Furniture Handles & Knobs,,,0,2.09,0,0
P-00855257,"Furniture knobs, Studio",handle,Hafele,Furniture Handles & Knobs,,,0,0.66,0,0
136.76.607,"Furniture knobs, Urban",handle,Hafele,Furniture Handles & Knobs,,,0,5.24,0,0
155.01.485,"Furniture knobs, Urban",handle,Hafele,Furniture Handles & Knobs,,,0,4.75,0,0
P-00854889,"Furniture knobs, Urban",handle,Hafele,Furniture Handles & Knobs,,,0,11.94,0,0
P-00855052,"Furniture knobs, Urban",handle,Hafele,Furniture Handles & Knobs,,,0,8.92,0,0
P-01318512,"Furniture knobs, Zinc Alloy, Häfele Déco",handle,Hafele,Furniture Handles & Knobs,,,0,2.5,0,0
P-00855180,"Furniture knobs, Zinc Alloy, Round",handle,Hafele,Furniture Handles & Knobs,,,0,5.36,0,0
P-00854979,"Furniture knobs, Zinc Alloy, Round, Häfele Déco",handle,Hafele,Furniture Handles & Knobs,,,0,1.9,0,0
P-00855064,"Furniture knobs, Zinc-alloy, square knob",knob,Hafele,Furniture Handles & Knobs,,,0,2.28,0,0
154.22.717,"Glass Door Handle, Studio",handle,Hafele,Furniture Handles & Knobs,,,0,1.96,0,0
P-01708744,"Handle Profile, Häfele Slido F-Handle26 A1, aluminium, for sliding doors",handle_profile,Hafele,Furniture Handles & Knobs,,,0,71.53,0,0
P-01708738,"Handle Profile, Häfele Slido F-Handle26 A2, aluminium, for sliding doors",handle_profile,Hafele,Furniture Handles & Knobs,,,0,80.01,0,0
P-01893771,"Handle Profile, Häfele Slido F-Handle26 A3 LED, aluminium, for sliding doors",handle_profile,Hafele,Furniture Handles & Knobs,,,0,161.37,0,0
P-01708739,"Handle Profile, Häfele Slido F-Handle26 A3, aluminium, for sliding doors",handle_profile,Hafele,Furniture Handles & Knobs,,,0,79.41,0,0
P-01708740,"Handle Profile, Häfele Slido F-Handle26 A6, aluminium, for sliding doors",handle_profile,Hafele,Furniture Handles & Knobs,,,0,71.69,0,0
P-01708741,"Handle Profile, Häfele Slido F-Handle26 A7, aluminium, for sliding doors",handle_profile,Hafele,Furniture Handles & Knobs,,,0,71.69,0,0
P-00854730,"Handle profiles, Luxe",handle_profile,Hafele,Furniture Handles & Knobs,,,0,66.26,0,0
P-00854732,"Handle profiles, Luxe",handle_profile,Hafele,Furniture Handles & Knobs,,,0,,0,0
126.37.990,"Handle profiles, P-L-A-15 (mounting bracket)",handle_profile,Hafele,Furniture Handles & Knobs,,,0,,0,0
P-01356120,"Handle With Base, Häfele Déco H2110, aluminium",handle,Hafele,Furniture Handles & Knobs,,,0,7.75,0,0
P-01638749,"Handle With Base, Häfele Déco H2320, zinc alloy",handle,Hafele,Furniture Handles & Knobs,,,0,7.86,0,0
P-01638756,"Handle With Base, Häfele Déco H2350, zinc alloy",handle,Hafele,Furniture Handles & Knobs,,,0,11.85,0,0
P-01638755,"Handle With Base, Häfele Déco H2360, zinc alloy",handle,Hafele,Furniture Handles & Knobs,,,0,11.29,0,0
P-01638740,"Handle With Base, Häfele Déco H2380, zinc alloy",handle,Hafele,Furniture Handles & Knobs,,,0,8.6,0,0
P-01985077,"Handle With Base, Häfele Déco H2540, zinc alloy",handle,Hafele,Furniture Handles & Knobs,,,0,5.41,0,0
P-01343159,"Handle With Base, Wood",handle,Hafele,Furniture Handles & Knobs,,,0,17.39,0,0
902.00.600,Inset handle,handle,Hafele,Furniture Handles & Knobs,,,0,9.01,0,0
P-01318478,"Inset handle, Open type, for glass doors, stainless steel",handle,Hafele,Furniture Handles & Knobs,,,0,71.08,0,0
151.47.900,"Inset handle, Rectangular, Zinc Alloy",handle,Hafele,Furniture Handles & Knobs,,,0,24.52,0,0
981.52.573,"Inset handle, Stainless Steel",handle,Hafele,Furniture Handles & Knobs,,,0,69.7,0,0
P-00855649,"Inset handle, Urban",handle,Hafele,Furniture Handles & Knobs,,,0,6.08,0,0
P-01912404,Internal Corner,handle,Hafele,Furniture Handles & Knobs,,,0,2.24,0,0
P-01912408,"Internal Corner, ABS plastic",handle,Hafele,Furniture Handles & Knobs,,,0,2.24,0,0
P-01915900,"Internal corner, ABS plastic",handle,Hafele,Furniture Handles & Knobs,,,0,3.53,0,0
P-01915901,"Internal corner, ABS plastic",handle,Hafele,Furniture Handles & Knobs,,,0,2.14,0,0
194.01.404,"Mitred Handle, Round, Wood And Zinc Alloy",handle,Hafele,Furniture Handles & Knobs,,,0,24.62,0,0
126.00.602,"Mounting Bracket, Steel, 90°",handle,Hafele,Furniture Handles & Knobs,,,0,2.26,0,0
126.27.904,"Profile handle, Luxe",handle,Hafele,Furniture Handles & Knobs,,,0,38.67,0,0
126.27.914,"Profile handle, Luxe",handle,Hafele,Furniture Handles & Knobs,,,0,35.35,0,0
126.35.925,"Profile handle, Luxe",handle,Hafele,Furniture Handles & Knobs,,,0,64.94,0,0
P-00854672,"Profile handle, Luxe",handle,Hafele,Furniture Handles & Knobs,,,0,20.08,0,0
P-00854683,"Profile handle, Luxe",handle,Hafele,Furniture Handles & Knobs,,,0,22.86,0,0
P-00854688,"Profile handle, Luxe",handle,Hafele,Furniture Handles & Knobs,,,0,32.65,0,0
P-01912375,Recessed Grip Profile,handle_profile,Hafele,Furniture Handles & Knobs,,,0,43.13,0,0
P-00854727,"Recessed grip profile, Aluminium, For Handle-Less Front Appearance, Häfele Déco",handle_profile,Hafele,Furniture Handles & Knobs,,,0,66.61,0,0
P-01912350,"Recessed Grip Profile, C-profile",handle_profile,Hafele,Furniture Handles & Knobs,,,0,83.52,0,0
P-01912351,"Recessed Grip Profile, C-profile",handle_profile,Hafele,Furniture Handles & Knobs,,,0,122.68,0,0
P-01911456,"Recessed Grip Profile, C-profile with integrated LED profile",handle_profile,Hafele,Furniture Handles & Knobs,,,0,150.8,0,0
P-01912330,"Recessed Grip Profile, Häfele Déco, L-profile",handle_profile,Hafele,Furniture Handles & Knobs,,,0,63.08,0,0
P-01912386,"Recessed Grip Profile, Horizontal",handle_profile,Hafele,Furniture Handles & Knobs,,,0,60.43,0,0
P-01912364,"Recessed Grip Profile, L-profile",handle_profile,Hafele,Furniture Handles & Knobs,,,0,82.42,0,0
P-01911447,"Recessed Grip Profile, L-profile with integrated LED profile",handle_profile,Hafele,Furniture Handles & Knobs,,,0,153.75,0,0
P-01708743,"Spacer Profile, Häfele Slido F-Handle26 C, aluminium, for sliding doors",handle,Hafele,Furniture Handles & Knobs,,,0,69.64,0,0
P-01708742,"Strengthening Strip, Häfele Slido F-Handle26 B, aluminium, for sliding doors",handle,Hafele,Furniture Handles & Knobs,,,0,74.09,0,0
567.34.901,"Accessory pack, for 1 & 3/4 bowl sink",sink,Hafele,Sinks & Taps,,,0,80.11,0,0
567.34.902,"Accessory pack, for undermount sink",sink,Hafele,Sinks & Taps,,,0,81.22,0,0
588.59.910,"Bottle trap, with 40mm horizontal pipe",appliance,Hafele,Sinks & Taps,,,0,82.37,0,0
567.34.980,Bypass kit,appliance,Hafele,Sinks & Taps,,,0,16.37,0,0
567.34.973,"Drainer tray, for undermount double bowl sink",sink,Hafele,Sinks & Taps,,,0,84.56,0,0
P-00857423,"Essentials sinks, 1 & 3/4 bowl",sink,Hafele,Sinks & Taps,,,0,223.54,0,0
P-00857422,"Essentials sinks, Double bowl",sink,Hafele,Sinks & Taps,,,0,244.56,0,0
P-00857421,"Essentials sinks, Single bowl",sink,Hafele,Sinks & Taps,,,0,181.2,0,0
567.30.120,Laundry tub,sink,Hafele,Sinks & Taps,,,0,146.52,0,0
567.30.866,"Linen textured sink, Squareline, 1 & 3/4 bowl",sink,Hafele,Sinks & Taps,,,0,1030.38,0,0
566.58.200,Mixer tap,tap,Hafele,Sinks & Taps,,,0,74.2,0,0
569.40.210,Mixer tap,tap,Hafele,Sinks & Taps,,,0,202.61,0,0
566.68.301,"Mixer Tap, flat",tap,Hafele,Sinks & Taps,,,0,318.65,0,0
566.68.321,"Mixer Tap, flat",tap,Hafele,Sinks & Taps,,,0,474.07,0,0
566.68.090,"Mixer Tap, flexible gooseneck with vegie sprayer",tap,Hafele,Sinks & Taps,,,0,735.21,0,0
566.68.270,"Mixer Tap, flexible Gooseneck with vegie sprayer",tap,Hafele,Sinks & Taps,,,0,461.73,0,0
566.58.220,"Mixer tap, gooseneck",tap,Hafele,Sinks & Taps,,,0,174.02,0,0
569.41.310,"Mixer tap, gooseneck",tap,Hafele,Sinks & Taps,,,0,228.39,0,0
P-01581837,"Mixer Tap, Gooseneck, with pullout vegie spray",tap,Hafele,Sinks & Taps,,,0,419.61,0,0
566.68.311,"Mixer Tap, Hafele, with pullout sprayer",tap,Hafele,Sinks & Taps,,,0,416.32,0,0
566.69.351,"Mixer Tap, with pull out veggie spray",tap,Hafele,Sinks & Taps,,,0,332.72,0,0
569.40.200,"Mixer tap, with pull-out vegie spray",tap,Hafele,Sinks & Taps,,,0,180.1,0,0
P-02054412,"Mixer Tap, with pullout vegie spray",tap,Hafele,Sinks & Taps,,,0,288.09,0,0
P-01893839,"Quartz Sink, Quartz 1 & 3/4 bowl with drainer",sink,Hafele,Sinks & Taps,,,0,781.86,0,0
P-01939777,"Quartz Sink, Quartz 1 & 3/4 bowl with drainer",sink,Hafele,Sinks & Taps,,,0,781.86,0,0
P-01893836,"Quartz Sink, Quartz double bowl",sink,Hafele,Sinks & Taps,,,0,694.89,0,0
P-01939776,"Quartz Sink, Quartz double bowl",sink,Hafele,Sinks & Taps,,,0,694.89,0,0
P-01893835,"Quartz Sink, Quartz double bowl with drainer",sink,Hafele,Sinks & Taps,,,0,823.58,0,0
P-01939778,"Quartz Sink, Quartz double bowl with drainer",sink,Hafele,Sinks & Taps,,,0,823.58,0,0
P-01893837,"Quartz Sink, Quartz single bowl",sink,Hafele,Sinks & Taps,,,0,607.92,0,0
P-01582621,"Quartz Sink, Quartz single bowl with drainer",sink,Hafele,Sinks & Taps,,,0,520.96,0,0
P-01939775,"Quartz Sink, Quartz single bowl with drainer",sink,Hafele,Sinks & Taps,,,0,520.96,0,0
P-01893840,"Quartz Sink, Quartz single laundry bowl",sink,Hafele,Sinks & Taps,,,0,651.41,0,0
577.06.710,"Sink, Farmhouse double bowl sink",sink,Hafele,Sinks & Taps,,,0,830.44,0,0
567.33.326,"Sink, Hafele Squareline, 1&3/4 bowl",sink,Hafele,Sinks & Taps,,,0,773.16,0,0
P-01921564,"Sink, Hafele Squareline, 1&3/4 bowl",sink,Hafele,Sinks & Taps,,,0,868.83,0,0
567.33.336,"Sink, Hafele Squareline, double bowl",sink,Hafele,Sinks & Taps,,,0,781.86,0,0
P-01921565,"Sink, Hafele Squareline, double bowl",sink,Hafele,Sinks & Taps,,,0,894.92,0,0
567.33.366,"Sink, Hafele Squareline, double bowl with drainer",sink,Hafele,Sinks & Taps,,,0,868.83,0,0
567.33.316,"Sink, Hafele Squareline, laundry bowl",sink,Hafele,Sinks & Taps,,,0,460.07,0,0
P-01921566,"Sink, Hafele Squareline, laundry bowl",sink,Hafele,Sinks & Taps,,,0,555.74,0,0
567.33.306,"Sink, Hafele Squareline, single bowl",sink,Hafele,Sinks & Taps,,,0,433.98,0,0
P-01582745,"Sink, Hafele Squareline, single bowl",sink,Hafele,Sinks & Taps,,,0,503.55,0,0
567.33.346,"Sink, Hafele Squareline, single bowl with drainer",sink,Hafele,Sinks & Taps,,,0,581.83,0,0
567.33.356,"Sink, Hafele Squareline,1&3/4 bowl with drainer",sink,Hafele,Sinks & Taps,,,0,851.44,0,0
567.56.000,"Sink, round bowl",sink,Hafele,Sinks & Taps,,,0,132.15,0,0
P-01921181,"Squareline sinks, Squareline plus 1 & 3/4 bowl with drainer",sink,Hafele,Sinks & Taps,,,0,318.8,0,0
567.33.250,"Squareline sinks, Squareline plus double bowl",sink,Hafele,Sinks & Taps,,,0,265.66,0,0
567.33.260,"Squareline sinks, Squareline plus laundry bowl",sink,Hafele,Sinks & Taps,,,0,233.84,0,0
567.33.200,"Squareline sinks, Squareline plus single bowl",sink,Hafele,Sinks & Taps,,,0,164.23,0,0
P-01582749,"Squareline sinks, Squareline plus single bowl with drainer",sink,Hafele,Sinks & Taps,,,0,202.87,0,0
589.33.300,"Tap, basin mixer tap",tap,Hafele,Sinks & Taps,,,0,248.51,0,0
589.33.033,"Tap, basin mixer tap, Rondo",tap,Hafele,Sinks & Taps,,,0,199.86,0,0
589.33.031,"Tap, Rondo basin mixer",tap,Hafele,Sinks & Taps,,,0,145.83,0,0
589.33.034,"Tap, Rondo wall mixer, with extended lever",tap,Hafele,Sinks & Taps,,,0,191.55,0,0
589.33.367,"Tap, Rondo wall mixer, with trim",tap,Hafele,Sinks & Taps,,,0,48.21,0,0
567.33.116,"Undermount sink, 1 & 3/4 Bowl",sink,Hafele,Sinks & Taps,,,0,262.26,0,0
567.33.106,"Undermount sink, Double bowl",sink,Hafele,Sinks & Taps,,,0,280.72,0,0
567.33.130,"Undermount sink, single bowl",sink,Hafele,Sinks & Taps,,,0,107.21,0,0
P-01893841,Universal Watermarked Waste,appliance,Hafele,Sinks & Taps,,,0,45.3,0,0
